{"CMG":2.7704215526183,"XXX":126.63352514314,"BTC":0.0066084447066015,"IMP":1.0092723102265,"GGP":1.0092723102265,"SKK":34.368704981378,"ZWD":560.12040234832,"TVD":1.9359883478378,"CYP":0.81031162808073,"ZWL":498.91578559598,"MTL":0.59463771025645,"CLF":0.038070854386204,"XPD":30.847516706351,"XPT":47.53454895603,"ERN":23.393965815632,"CDF":1430.3291807176,"AZN":1.6242176747801,"AMD":735.34726614178,"LSL":18.447633507485,"ZMK":8128.6718147668,"AFN":89.603171619364,"GEL":3.595821448714,"AOA":169.0334404222,"TJS":9.6581430148379,"TMT":5.3906104187293,"ZMW":11.526673177521,"XAU":0.0013106260754037,"ANG":2.7696476918494,"XAG":0.092835433278855,"JEP":1.0092723102265,"SRD":5.0803959477483,"MGA":4764.8593282631,"GIP":1.0092723102265,"MZN":54.264044199613,"PYG":7764.2146612389,"NIO":41.584182276954,"RWF":1071.2604460347,"SBD":11.838000460287,"SHP":1.0092723102265,"SDG":9.2321579225475,"MWK":681.17450346302,"MNT":3031.470585839,"KPW":1392.8100890596,"KYD":1.2723075855715,"LBP":2331.3613267303,"LRD":130.86501767025,"KZT":287.77823680064,"LYD":2.1254906309918,"MOP":12.347468602041,"WST":3.8299940560176,"XDR":1.1017285517286,"VUV":163.69476844283,"UZS":3882.4388309047,"YER":332.83750152787,"BAM":2.7078343127315,"RSD":166.70245570719,"KMF":685.18933337277,"UGX":4642.7286712444,"TZS":3086.4456285495,"STD":34134.095678593,"SOS":1085.1076351388,"SVC":13.476788385624,"SZL":18.448065620814,"TTD":9.8298860992583,"TOP":3.1352040418566,"SLL":6730.5250611226,"MRO":476.50760541623,"HTG":73.62536118743,"CUP":1.5477215377756,"FKP":1.0092723102265,"EEK":21.814709451524,"ETB":31.745317791736,"CVE":152.52977457287,"ALL":195.16954317935,"DZD":150.37597301951,"DJF":274.60913855217,"BIF":2416.8420135729,"COP":3706.5067034132,"CRC":822.77775400502,"GNF":11243.758330631,"HNL":33.982130059354,"GYD":319.00804745848,"KGS":93.501984322642,"BWP":15.090975277118,"BTN":98.130266045662,"BZD":3.0915613899344,"BYR":22182.718940168,"IRR":43710.753681896,"TRY":4.1344471165184,"GMD":66.56106481813,"TND":2.9656279315702,"GTQ":12.012950259753,"SYP":292.40947011066,"GHS":5.9582976538485,"FJD":3.1212404981428,"KHR":6221.3995075308,"VEF":9.7794302131457,"CLP":945.71589759082,"AWG":2.7740973912705,"BSD":1.5477215377756,"BRL":4.6373699438893,"BND":2.0516593717341,"BOB":10.679279777634,"ARS":13.780147997914,"XPF":165.90400009535,"UYU":40.712815868074,"DOP":69.345658482012,"BBD":3.0954430755512,"XAF":912.11901863804,"XOF":911.30853877757,"XCD":4.1804268279626,"UAH":34.691571562397,"SCR":21.040562354152,"IQD":1840.2887330107,"MAD":15.037242865082,"NAD":18.447633507485,"NGN":307.90604430738,"LVL":0.97804238503729,"MDL":28.041804548002,"BMD":1.5477215377756,"MMK":1672.6826013906,"BGN":2.7130738264791,"MUR":53.683959714976,"MKD":85.451594320866,"LTL":4.5410128445866,"ISK":203.98041080187,"RON":6.1234240647137,"HRK":10.504638355493,"JMD":178.20992011271,"LAK":12522.635698515,"PEN":4.838095497845,"PAB":1.5477215377756,"KRW":1660.173823059,"KWD":0.46695068338997,"KES":146.32258627081,"BDT":120.58602784984,"JOD":1.0962078290034,"LKR":205.93611173701,"VND":33423.046608264,"PKR":157.43965184791,"PGK":4.1619346510292,"PLN":5.5781273882527,"QAR":5.6341366640906,"SAR":5.8043380538782,"RUB":79.79157665722,"EGP":11.804837430897,"OMR":0.59592231913281,"MVR":23.614729720337,"CZK":38.046617066922,"IDR":20051.325814623,"BHD":0.58352506961522,"NPR":156.34494840425,"HUF":420.79793822553,"ILS":5.9839155407417,"AED":5.6849443103027,"DKK":10.338594467713,"MXN":23.806123402895,"NOK":11.678642311898,"SEK":12.936559725443,"THB":51.105764943953,"CNY":9.5978842441852,"INR":98.404128603275,"PHP":69.018180089504,"MYR":5.5196532496629,"ZAR":18.436769235136,"TWD":47.376064613348,"SGD":2.0333382416799,"HKD":11.99649178892,"CAD":1.8531106847318,"AUD":1.9392576591651,"NZD":2.0202729954382,"CHF":1.4475666731827,"JPY":182.76361633155,"USD":1.5477215377756,"GBP":1,"EUR":1.3862230446151,"CUC":1.5477215377756}